"Metabolite","Log2FC","AveExpr","t","P.Value","adj.P.Val","B","Log2Transformed"
"acetylcarnitine",-0.432566808333332,5.96160849,-3.54375838235734,0.00175736278099469,0.156033643163047,-1.16110904842478,FALSE
"acetylcholine",0.0848597708333374,6.229074175,0.251225587380649,0.803898638778565,0.910438675461403,-5.92575524973369,FALSE
"acetylglycine",0.157840045833336,5.76356869,1.36651168074923,0.185154817436294,0.722065706826601,-5.08357447358003,FALSE
"aconitate",-0.127447645833334,5.9082364,-1.18152559162319,0.249617646805812,0.767896083722976,-5.29705401158715,FALSE
"adenine",0.0936795041666674,5.819529415,0.90431107944152,0.375322741845975,0.780488194251245,-5.56511694660477,FALSE
"adenosine",0.0263129250000027,6.030221655,0.111309151070361,0.91234898390346,0.979883583871828,-5.95045091585117,FALSE
"adipate",0.0499140708333332,5.840321505,0.580674177599498,0.567177487666839,0.868205045642314,-5.7933291810421,FALSE
"alanine",0.058624316666668,5.818558715,0.358425270549357,0.723335012485892,0.89915940885139,-5.89402322381722,FALSE
"allantoin",-0.147068362499999,5.785034045,-1.47652192223494,0.153534963642831,0.722065706826601,-4.94432614426337,FALSE
"alpha.glycerophosphate",-0.288459241666666,5.80032633,-1.62228396201603,0.118542705210367,0.672057543268584,-4.74649995876463,FALSE
"alpha.glycerophosphocholine",-0.380057358333332,5.825983235,-2.04200302868148,0.0529309603689747,0.579393747912754,-4.10023756956233,FALSE
"alpha.hydroxybutyrate",0.0414708541666702,5.7970432,0.505310572246251,0.618209128864462,0.868205045642314,-5.83269838654661,FALSE
"alpha.ketoglutarate",0.106047975000002,5.93717756,1.11244176297737,0.277584281901749,0.767896083722976,-5.36983375322221,FALSE
"AMP",0.0345036250000037,5.838322275,0.437142804905241,0.666135903330892,0.874573158921392,-5.86370701624836,FALSE
"anserine",0.00612032500000215,5.847879295,0.0579633716698545,0.954284736922955,0.986327843853534,-5.95485339145699,FALSE
"anthranilic.acid",-0.573772275,6.24255256,-3.68755509941443,0.00123729766510131,0.156033643163047,-0.850976989352204,FALSE
"arachidonyl_carnitine",0.0517635541666701,5.779710795,0.554773588156459,0.584471924351456,0.868205045642314,-5.80745846562266,FALSE
"arginine",-0.151282108333334,5.889837785,-1.5957155265458,0.124373588758417,0.672057543268584,-4.7836536778121,FALSE
"asparagine",-0.625436620833331,5.781932215,-2.81766634809118,0.00983695795840006,0.316187934377145,-2.67146832133942,FALSE
"aspartate",-0.118030024999996,5.82485171,-1.09418816936278,0.28534104959342,0.767896083722976,-5.38841382257688,FALSE
"beta.alanine",-0.0878314624999978,6.145741685,-0.49720002238707,0.623826870044512,0.868205045642314,-5.83661775826569,FALSE
"betaine",-0.0747323833333304,5.807496345,-0.852826808017903,0.402659334119757,0.795681913792805,-5.60769212639161,FALSE
"butyrobetaine",-0.217442329166664,5.91459829,-1.84236506067303,0.0785152124075286,0.600563264226451,-4.4209778132649,FALSE
"butyrylcarnitine.isobutyrylcarnitine",-0.185442416666666,5.812360425,-1.46310036455492,0.157141699580094,0.722065706826601,-4.96178838681501,FALSE
"C14.0.CE",-0.201016083333331,5.92994835,-1.59343502137299,0.12488502663632,0.672057543268584,-4.78682040545313,FALSE
"C14.0.LPC",0.193495700000001,5.790125895,1.99031276789446,0.0587243387754808,0.579393747912754,-4.18545870776919,FALSE
"C14.0.SM",0.0318908250000014,5.94583132,0.371803197573404,0.713485523848759,0.89915940885139,-5.88928834781057,FALSE
"C16.0.CE",-0.0860768249999975,5.81150863,-0.789439964133137,0.438018867175834,0.795681913792805,-5.65690103060004,FALSE
"C16.0.LPC",-0.0582082916666637,5.765977825,-0.481469032845898,0.634789467247551,0.868205045642314,-5.84404292788517,FALSE
"C16.0.LPE",-0.106834108333332,5.89714681,-0.784026897856367,0.441124584174283,0.795681913792805,-5.66093765613028,FALSE
"C16.0.SM",0.0383061291666698,5.93438104,0.380849899469298,0.706853541483186,0.89915940885139,-5.88598937898916,FALSE
"C16.1.CE",-0.213105058333332,5.814046865,-1.78010026997411,0.0884431581165426,0.625952433803986,-4.51619404661859,FALSE
"C16.1.LPC",0.0121953375000006,5.83438629,0.106345658219455,0.91624180152931,0.979883583871828,-5.95097752103231,FALSE
"C16.1.SM",-0.0237581416666659,5.90361299,-0.294072518784895,0.771373129915516,0.910438675461403,-5.91439983892006,FALSE
"C18.0.CE",-0.112483837499997,5.91126371,-0.937524943236695,0.358351505737389,0.767896083722976,-5.53642557421222,FALSE
"C18.0.LPC",-0.0505661749999966,5.76672527,-0.392298055631052,0.6984950710802,0.898354456004385,-5.88170258471612,FALSE
"C18.0.LPE",-0.0796807458333308,5.95196424,-0.495228485748968,0.625196000128243,0.868205045642314,-5.83756113028515,FALSE
"C18.0.SM",-0.138665979166664,5.84372165,-0.953504345456432,0.350372795735367,0.767896083722976,-5.52228259763382,FALSE
"C18.1.CE",-0.256277508333332,5.879012845,-2.19491614936379,0.038663803079901,0.573847101529237,-3.83981490399905,FALSE
"C18.1.LPC",-0.0934620666666648,5.807508535,-0.888565955138309,0.383550339233264,0.780488194251245,-5.57838349997529,FALSE
"C18.1.LPE",-0.0887394791666658,5.895215425,-0.817830747504827,0.421950827064863,0.795681913792805,-5.6353013932181,FALSE
"C18.1.SM",0.0525063541666686,5.914667,0.543184113612008,0.592294471194194,0.868205045642314,-5.81357797300278,FALSE
"C18.2.CE",-0.151707658333332,5.80687013,-1.08818630236384,0.287925374140277,0.767896083722976,-5.39446309322373,FALSE
"C18.2.LPC",0.0923146625000024,5.786839085,0.991790018499653,0.331748934976927,0.767896083722976,-5.48750685223772,FALSE
"C18.2.SM",-0.0858089833333313,5.821912885,-0.792240706077238,0.436417237550096,0.795681913792805,-5.65480218341383,FALSE
"C18.3.CE",-0.149956962499997,5.87527781,-1.16574207244533,0.255814896235849,0.767896083722976,-5.3140223715397,FALSE
"C20.3.CE",-0.190236112499997,5.925231695,-1.56793256523431,0.13072434031568,0.684022710954142,-4.82199047355408,FALSE
"C20.3.LPC",-0.0293843999999979,5.760215535,-0.249479300237822,0.805232428519196,0.910438675461403,-5.92618044932321,FALSE
"C20.4.CE",-0.0871173249999986,5.81792268,-0.670172900796021,0.5095046353068,0.849174392178001,-5.73971914478355,FALSE
"C20.4.LPC",0.0415406208333344,5.795453335,0.391989108341277,0.698720132447855,0.898354456004385,-5.8818199141065,FALSE
"C20.4.LPE",-0.00236039999999882,5.762204685,-0.0306219579208921,0.97583852152481,0.986327843853534,-5.95603455449337,FALSE
"C20.5.CE",-0.166296941666665,5.860201735,-1.37100654835145,0.183768855090831,0.722065706826601,-5.07806035912198,FALSE
"C22.0.SM",0.0457310333333361,5.93286852,0.6066325530488,0.55011086690204,0.868205045642314,-5.77854223000637,FALSE
"C22.1.SM",-0.0517156083333328,5.85071666,-0.722031064656821,0.477643744919229,0.826691096975588,-5.7052919303537,FALSE
"C22.6.CE",-0.226050570833332,5.905899545,-1.28391865845837,0.21211390400446,0.745712943765681,-5.18216972991064,FALSE
"C22.6.LPC",-0.0172023291666656,5.840777815,-0.199087082796665,0.843966065357762,0.935430368007372,-5.93717871555655,FALSE
"C22.6.LPE",0.136793895833336,5.827616775,0.998085969207453,0.328752828147249,0.767896083722976,-5.4816685106475,FALSE
"C24.0.SM",-0.128569124999997,5.9154534,-1.0763343635891,0.293078037551268,0.767896083722976,-5.40632118954322,FALSE
"C24.1.SM",-0.0921815749999979,5.922781305,-0.815613683622169,0.423192180946347,0.795681913792805,-5.63701395320188,FALSE
"C32.0.PC",0.0554869708333348,5.870849595,0.445291808319014,0.660323989000476,0.874573158921392,-5.86023160132089,FALSE
"C32.1.PC",0.0371743500000026,5.917410985,0.577682973301577,0.569161365399497,0.868205045642314,-5.79499286600365,FALSE
"C32.2.PC",-0.071951416666665,5.9983532,-0.648671069160211,0.523056007162803,0.858413693648552,-5.75327277917804,FALSE
"C34.1.DAG",-0.0341589208333319,5.94887256,-0.225422110910955,0.823666849451228,0.922015129982718,-5.93173781155906,FALSE
"C34.1.PC",0.0376362250000026,5.874479785,0.541781104359668,0.593244929871706,0.868205045642314,-5.81431026928694,FALSE
"C34.2.DAG",0.199680829166669,5.74708221,1.11340025542168,0.277181249114326,0.767896083722976,-5.36885055486482,FALSE
"C34.2.PC",0.0245784041666663,5.916001855,0.330228340401187,0.744254041614645,0.90446013602804,-5.90344124208726,FALSE
"C34.3.PC",-0.0580227166666658,5.916609895,-0.637288644510798,0.530308904076217,0.858413693648552,-5.76027570423228,FALSE
"C34.4.PC",0.0265971958333351,5.853448705,0.257159023492277,0.799371337118624,0.910438675461403,-5.92428850519831,FALSE
"C36.1.DAG",0.0146541041666675,5.893707725,0.123654188739889,0.902676835797913,0.978848546380791,-5.9490371371073,FALSE
"C36.1.PC",0.0190916333333373,5.869656105,0.229949483197061,0.820189343093466,0.922015129982718,-5.93073474979404,FALSE
"C36.2.DAG",0.148854970833336,6.027070145,1.11943979599293,0.274651490452967,0.767896083722976,-5.36263802783332,FALSE
"C36.2.PC",0.0188580125000026,5.91476937,0.266108941463758,0.792556056554183,0.910438675461403,-5.92201172668426,FALSE
"C36.3.PC",-0.0718277958333315,5.823325835,-0.886257568560184,0.384766421653539,0.780488194251245,-5.58031033272684,FALSE
"C36.4.PC.A",-0.103299541666663,5.79520215,-1.02445867606213,0.31640649663382,0.767896083722976,-5.45684798791046,FALSE
"C36.4.PC.B",-0.0665448749999964,5.750636525,-0.84425870172522,0.407329634048421,0.795681913792805,-5.61455177477771,FALSE
"C38.2.PC",-0.012767795833331,5.95722641,-0.139001836322123,0.890673821830659,0.972823349086885,-5.94707265747965,FALSE
"C38.4.PC",0.0251847791666684,5.803050255,0.333009305826777,0.742181583534707,0.90446013602804,-5.90254628996264,FALSE
"C38.5.PC",-0.0858348458333316,5.753135505,-0.974492229248202,0.340077278111109,0.767896083722976,-5.50337383756659,FALSE
"C38.6.PC",-0.115984387499998,5.709081555,-1.17171676176471,0.253455696335022,0.767896083722976,-5.30762273691525,FALSE
"C40.6.PC",0.0689353333333358,5.77599035,0.821745650079058,0.419764408170693,0.795681913792805,-5.6322666894418,FALSE
"C46.0.TAG",0.0534822125000014,5.995732915,0.392674086645488,0.698221178846995,0.898354456004385,-5.88155965590324,FALSE
"C46.1.TAG",0.120444508333335,6.016645955,0.754810136734906,0.458118570684729,0.809811020504429,-5.6822717336541,FALSE
"C46.2.TAG",0.168058041666668,6.049959175,1.01656506296523,0.320067388481972,0.767896083722976,-5.46433861278518,FALSE
"C48.0.TAG",-0.0120636916666639,6.059505385,-0.0712785776668339,0.943799956286295,0.986327843853534,-5.95401424790835,FALSE
"C48.1.TAG",0.0866925250000019,6.05156524,0.556253688676444,0.583476604508969,0.868205045642314,-5.80666789903232,FALSE
"C48.2.TAG",0.247110458333335,6.07437645,1.62550485126062,0.117851615200123,0.672057543268584,-4.74196335429872,FALSE
"C48.3.TAG",0.121198904166668,6.12921568,0.637655587476549,0.530074239748657,0.858413693648552,-5.76005180684572,FALSE
"C50.0.TAG",-0.090532370833329,6.043995865,-0.503313834044,0.619589971454588,0.868205045642314,-5.83366904424816,FALSE
"C50.1.TAG",-0.0312308249999997,6.03111598,-0.209938777780488,0.835587234565112,0.930728355332426,-5.93501815188874,FALSE
"C50.2.TAG",0.14392116666667,6.0500923,1.01707519519748,0.31982990996739,0.767896083722976,-5.46385611170848,FALSE
"C50.3.TAG",0.260920037500002,6.044270485,1.71033349420743,0.100831348107341,0.667266274239756,-4.61999967674203,FALSE
"C52.1.TAG",0.0282836291666682,5.99410139,0.176220581753869,0.861682427942684,0.950385030819137,-5.94135738795193,FALSE
"C52.2.TAG",0.0721745083333349,6.01270458,0.497904353457354,0.623338084260636,0.868205045642314,-5.83627985095428,FALSE
"C52.3.TAG",0.211299400000001,5.96192374,1.41764342907796,0.169868390288738,0.722065706826601,-5.01995957030787,FALSE
"C52.4.TAG",0.291782162500001,5.91556076,1.9197881021108,0.0675314611493928,0.579393747912754,-4.29931570129872,FALSE
"C52.5.TAG",0.186186879166669,5.932932915,1.4526163248189,0.160006457735681,0.722065706826601,-4.97533825106329,FALSE
"C54.1.TAG",0.145608716666671,6.031922955,0.885737317448144,0.385040842497281,0.780488194251245,-5.58074394873303,FALSE
"C54.2.TAG",0.113122495833332,6.03905341,0.706442124342767,0.487097501626982,0.830279832318719,-5.71589842346045,FALSE
"C54.3.TAG",0.165381579166669,6.01092471,1.08489076230516,0.289351534591917,0.767896083722976,-5.39777201007174,FALSE
"C54.4.TAG",0.318235354166669,5.91181085,2.12381223703072,0.0447991770719642,0.579393747912754,-3.96241565124749,FALSE
"C54.5.TAG",0.2507256625,5.81164846,1.88927485096669,0.0716884514352494,0.579393747912754,-4.34768802317097,FALSE
"C54.6.TAG",0.221204366666665,5.84531932,1.92993150520328,0.0661971883351514,0.579393747912754,-4.28311522715238,FALSE
"C54.7.TAG",0.143686108333338,5.90020374,1.38585244597763,0.179249425999598,0.722065706826601,-5.05974059735989,FALSE
"C56.2.TAG",0.122194420833337,6.05787329,0.750442199112355,0.460692491664742,0.809811020504429,-5.68539527684828,FALSE
"C56.3.TAG",0.190865941666667,6.03736694,1.17781045735689,0.25106619627881,0.767896083722976,-5.30106605005375,FALSE
"C56.4.TAG",0.336044787500001,5.91174826,1.99326235697028,0.0583792129837972,0.579393747912754,-4.18063549795496,FALSE
"C56.5.TAG",0.326843391666668,5.86506746,1.77664546363689,0.0890243461410113,0.625952433803986,-4.52140691997376,FALSE
"C56.6.TAG",0.313725975000002,5.82230261,2.64814468398373,0.0144570181019787,0.406603634118151,-3.00430003782402,FALSE
"C56.7.TAG",0.131556641666669,5.84488331,0.892051288121517,0.381718992931869,0.780488194251245,-5.57546544473249,FALSE
"C56.8.TAG",0.107675116666671,5.82121132,0.794567502358496,0.435089380502585,0.795681913792805,-5.65305317837252,FALSE
"C58.6.TAG",0.282476175000001,5.80453058,1.88632225668914,0.0721023330735871,0.579393747912754,-4.35233969921952,FALSE
"C58.7.TAG",0.308793120833335,5.80493336,1.91281252353394,0.0684626789593414,0.579393747912754,-4.31042203274833,FALSE
"C58.8.TAG",0.137928808333336,5.831808685,0.982041969718069,0.336424871912184,0.767896083722976,-5.49647992310034,FALSE
"cAMP",0.0830368166666684,5.87110444,0.799706779162018,0.43216532753343,0.795681913792805,-5.64917296764812,FALSE
"carnitine",-0.177814479166663,5.92434765,-1.59092152632944,0.125450741410136,0.672057543268584,-4.79030654883525,FALSE
"carnosine",0.00257600000000036,5.840016025,0.0202540550221819,0.984017585398668,0.986327843853534,-5.95629180788811,FALSE
"choline",0.169593637500004,5.77109757,1.22480075130772,0.233201555900643,0.767896083722976,-5.24950864338898,FALSE
"cis.trans.hydroxyproline",-0.545933629166664,5.724017485,-2.4492238777876,0.0224624238233083,0.496746839655545,-3.38166655345188,FALSE
"citrate",-0.084288749999998,5.910988725,-0.939457707991402,0.357380015891092,0.767896083722976,-5.53472661662005,FALSE
"citrulline",-0.219306595833331,5.79700523,-2.27205845756667,0.0328772108846738,0.573847101529237,-3.70398073806884,FALSE
"CMP",-0.0127537124999968,5.831978635,-0.120826348855364,0.904891100654243,0.978848546380791,-5.9493740871632,FALSE
"cotinine",0.00411665416666818,5.686415305,0.025435225993857,0.979929965439265,0.986327843853534,-5.95617635565596,FALSE
"creatine",-0.00689356666666452,5.82002056,-0.0571422632180952,0.954931598032337,0.986327843853534,-5.95489948079503,FALSE
"creatinine",-0.130710491666663,5.851959405,-1.26155041681024,0.219913470198826,0.75634329931247,-5.20796975369894,FALSE
"cystathionine",-0.11290623333333,5.712363185,-0.621695780886015,0.540332513666755,0.86223273457461,-5.76967525205711,FALSE
"cytidine",-0.216521862499998,5.78843092,-1.10374371105911,0.281261166842378,0.767896083722976,-5.37872154320214,FALSE
"dCMP",0.0360001041666687,5.768457775,0.360698246618225,0.72165802636099,0.89915940885139,-5.89323082867628,FALSE
"DHAP.glyceraldehyde.3P",0.0356792791666685,6.06827238,0.309793752053302,0.759542231555883,0.907894794202752,-5.90978939370998,FALSE
"dimethylglycine",-0.154732733333331,5.82176741,-1.64724584924745,0.113274488731741,0.672057543268584,-4.71115910388378,FALSE
"erythrose.4.phosphate",-0.0523152958333295,5.96793496,-0.497724439739807,0.623462922453121,0.868205045642314,-5.83636621014607,FALSE
"F1P.F6P.G1P.G6P",-0.0382475624999969,6.020836025,-0.353031647108778,0.727320055159791,0.89915940885139,-5.89588371722141,FALSE
"fumarate.maleate.alpha.ketoisovalerate",0.183663591666668,5.916645955,2.41336261632289,0.0242854010498266,0.496746839655545,-3.44801636801493,FALSE
"GABA",-0.106485483333331,5.88316241,-0.495628577623935,0.624918045191111,0.868205045642314,-5.8373699842104,FALSE
"glucuronate",0.101862387500004,5.92803707,1.17871636718401,0.250712401655213,0.767896083722976,-5.30008876331323,FALSE
"glutamate",-0.00790752083333235,5.806188325,-0.0863076936444648,0.931978164215872,0.979883583871828,-5.95285947913325,FALSE
"glutamine",0.477598212500003,5.678538315,2.05795599783728,0.0512487687573682,0.579393747912754,-4.0736414584127,FALSE
"glutathione.oxidized",-0.178272016666662,6.06545069,-1.44306799513989,0.162652052659268,0.722065706826601,-4.98760939836994,FALSE
"glutathione.reduced",-0.14519688333333,6.090372145,-1.47203293243988,0.154733731978805,0.722065706826601,-4.9501810258443,FALSE
"glycine",-0.0504685749999974,5.91063833,-0.457715491059663,0.651505380020393,0.874573158921392,-5.85481190168627,FALSE
"glycodeoxycholate.glycochenodeoxycholate",-0.0807517791666648,5.85087322,-0.97024977010358,0.342141551786202,0.767896083722976,-5.50722641827871,FALSE
"GMP",-0.10557725,5.9337401,-1.06016849556173,0.300212164888967,0.767896083722976,-5.42230762523297,FALSE
"guanosine",0.0197052583333344,5.89549908,0.102073501482266,0.919594132349047,0.979883583871828,-5.95141156562161,FALSE
"heptanoylcarnitine",0.120376979166669,5.760775275,1.29424336602691,0.208586482523833,0.745712943765681,-5.17013015941254,FALSE
"hexanoylcarnitine",-0.190520004166664,5.93164076,-2.18898122563629,0.0391451927869721,0.573847101529237,-3.85014529215589,FALSE
"hexoses..HILIC.neg.",-0.139889699999999,5.781639255,-0.968237860836702,0.343123479838573,0.767896083722976,-5.50904805868888,FALSE
"hexoses..HILIC.pos.",0.0815303916666679,5.828051735,0.506461161560452,0.617414092447783,0.868205045642314,-5.83213735621418,FALSE
"hippurate",-0.0880815583333288,5.806351415,-0.961313483374196,0.346517650234216,0.767896083722976,-5.51529112028407,FALSE
"histidine",0.0321703250000018,5.806008495,0.331690927340107,0.743163830789854,0.90446013602804,-5.90297148791491,FALSE
"homocysteine",-0.456763658333331,6.143996105,-2.92422410236964,0.0076919494502502,0.288448104384382,-2.45762716291105,FALSE
"hypoxanthine",-0.0190687291666647,5.91876795,-0.0871994666081164,0.931277177589426,0.979883583871828,-5.95278404129754,FALSE
"inosine",0.0737183750000021,5.89498725,0.456313333252309,0.652498093703508,0.874573158921392,-5.85543090075786,FALSE
"inositol",0.155007966666669,5.854786305,1.36335689207395,0.186132493315302,0.722065706826601,-5.08743557937758,FALSE
"isocitrate",-0.0806645124999985,5.937720055,-0.837788514852216,0.410879150864555,0.795681913792805,-5.61968889675423,FALSE
"isoleucine",0.17260629166667,5.79314365,0.886065266232269,0.384867841965675,0.780488194251245,-5.58047063934954,FALSE
"kynurenic.acid",-0.166509737499997,5.74316632,-1.12649319054769,0.271718411411532,0.767896083722976,-5.35534483510879,FALSE
"kynurenine",-0.0341685083333321,5.859019045,-0.169462021118387,0.866933482716104,0.951512359078651,-5.94249526149074,FALSE
"lactate",0.0522774875000032,5.95174703,0.569509232725147,0.57460046359916,0.868205045642314,-5.79949655749779,FALSE
"lactose",-0.026702129166666,5.887772685,-0.259889205304732,0.797290571542433,0.910438675461403,-5.92360217447037,FALSE
"lauroylcarnitine",-0.101353045833335,5.87357786,-1.02041160557033,0.318279765367752,0.767896083722976,-5.4606950053134,FALSE
"leucine",0.0615382541666687,5.84198314,0.509350510784108,0.615419714039428,0.868205045642314,-5.83072301116161,FALSE
"lysine",0.19088934166667,5.89937548,1.31834095387209,0.200530249402073,0.745712943765681,-5.14171082662904,FALSE
"malate",0.186374954166667,5.899800935,2.23433281120465,0.0356005590540806,0.573847101529237,-3.77076736227737,FALSE
"malondialdehyde",0.0742086625000038,5.984492435,0.785667666126321,0.440181782884317,0.795681913792805,-5.65971687180876,FALSE
"malonylcarnitine",-0.219188966666666,5.981952895,-1.83214648024043,0.0800751018968601,0.600563264226451,-4.436767260968,FALSE
"methionine",0.26556077916667,5.76587148,1.25606110968308,0.221860701131658,0.75634329931247,-5.21424170406274,FALSE
"methionine.sulfoxide",-0.0882254041666641,5.906059795,-0.93965655121511,0.357280169300494,0.767896083722976,-5.53455164487101,FALSE
"myristoylcarnitine",-0.0374857749999951,5.82390471,-0.275711384205729,0.785262661033628,0.910438675461403,-5.91948292848311,FALSE
"N.carbamoyl.beta.alanine",0.00985656249999955,6.234940975,0.0509510246872598,0.959809982698339,0.986327843853534,-5.95522583364339,FALSE
"NAD",0.0373247958333351,6.019352665,0.362883313037091,0.720047244221038,0.89915940885139,-5.89246441544177,FALSE
"NADP",-0.129011533333329,6.093039355,-0.678200343868993,0.504496100836678,0.847101661852631,-5.73455043403518,FALSE
"niacinamide",0.250893058333334,5.87793801,1.68773818079141,0.105147762912609,0.672057543268584,-4.65294914905271,FALSE
"NMMA",-0.1059158875,5.848291105,-1.04029838270867,0.309149101553153,0.767896083722976,-5.44165882892507,FALSE
"oleylcarnitine",-0.0541690208333323,5.8244691,-0.315169498589328,0.755510326095898,0.907894794202752,-5.90815830231533,FALSE
"ornithine",-0.365185533333332,5.825675955,-2.57826664555487,0.016902006865056,0.422550171626401,-3.13859054795301,FALSE
"oxalate",0.12767516666667,5.74791925,1.29343984116169,0.208859368086851,0.745712943765681,-5.17107009807308,FALSE
"palmitoylcarnitine",-0.063024412499999,5.722851415,-0.305680952986957,0.762631627130311,0.907894794202752,-5.91101850869733,FALSE
"pantothenate",-0.218344945833331,5.682582345,-1.64464245459927,0.113814589034293,0.672057543268584,-4.71486445317579,FALSE
"PEP",0.243672191666669,5.97331039,2.0628655644002,0.0507407616499197,0.579393747912754,-4.06542886425047,FALSE
"phenylalanine",0.161357450000002,5.90082522,1.40208619365132,0.174408911216652,0.722065706826601,-5.03952031121908,FALSE
"phosphocreatine",-0.115935191666666,5.940681685,-0.487862285492985,0.630323635072798,0.868205045642314,-5.84105340845411,FALSE
"pipecolic.acid",-0.152780758333331,5.738777895,-0.640020333802701,0.528563308275259,0.858413693648552,-5.75860593573651,FALSE
"proline",-0.110353079166665,5.90004334,-1.00835135335016,0.323908003181827,0.767896083722976,-5.47207717936638,FALSE
"propionylcarnitine",-0.352922133333331,5.967490245,-3.47424103133276,0.00208044857550729,0.156033643163047,-1.31009847210148,FALSE
"putrescine",-0.149027291666666,5.840766725,-0.753730917594385,0.458753726807112,0.809811020504429,-5.68304508938222,FALSE
"pyroglutamic.acid",0.0284851666666706,5.90392425,0.251545483233992,0.803654372682733,0.910438675461403,-5.92567703947532,FALSE
"ribose.5.P.ribulose5.P",0.0654795958333345,5.98366492,0.478763409091823,0.636683700137697,0.868205045642314,-5.84529647250546,FALSE
"sarcosine",-0.10880102083333,5.8910802,-0.847811782459848,0.405388752458348,0.795681913792805,-5.61171502399814,FALSE
"SDMA.ADMA",-0.190176537499998,5.79187679,-1.97584389865768,0.0604436126004134,0.579393747912754,-4.20904785475553,FALSE
"serine",0.295831595833335,5.764224695,2.16898992783056,0.0408069049976346,0.573847101529237,-3.88481343909055,FALSE
"serotonin",0.0552602458333329,5.73437471,0.325627521488894,0.747687045783179,0.90446013602804,-5.9049055348039,FALSE
"sorbitol",-0.0636386999999967,5.79275013,-0.596699789094387,0.556609303792566,0.868205045642314,-5.78427420662043,FALSE
"stearoylcarnitine",0.0951335583333348,5.70790476,0.478914251294713,0.636578027180155,0.868205045642314,-5.84522676765433,FALSE
"succinate.methylmalonate",-0.103723762499999,5.780365505,-1.17970823050757,0.250325464721373,0.767896083722976,-5.29901799535036,FALSE
"sucrose",0.00522682500000116,5.97200867,0.0373875157396599,0.970502691180429,0.986327843853534,-5.95581015592281,FALSE
"taurine",-0.215636758333331,5.974254695,-1.29358768300638,0.20880913871934,0.745712943765681,-5.17089719461631,FALSE
"taurocholate",0.0419375750000004,5.865602445,0.370747486625592,0.714260967530468,0.89915940885139,-5.88966822316407,FALSE
"taurodeoxycholate.taurochenodeoxycholate",-0.0820512999999989,5.855596595,-0.24948636316933,0.80522703272924,0.910438675461403,-5.92617873552433,FALSE
"thiamine",0.206043350000003,5.891745385,1.42930551281002,0.16652709195654,0.722065706826601,-5.00517951421408,FALSE
"threonine",0.189575637500001,5.91116812,1.55221518471424,0.134434449821015,0.687448891130189,-4.84344260016197,FALSE
"thymidine",-0.643547141666664,5.76103634,-3.14010565922743,0.00463547124834954,0.208596206175729,-2.01498304703374,FALSE
"thymine",0.0567070458333356,5.82608264,0.435168529144086,0.667547211221843,0.874573158921392,-5.86453952545491,FALSE
"thyroxine",-0.00779467083333074,5.84891036,-0.0887276311573097,0.930076081888921,0.979883583871828,-5.95265296744589,FALSE
"trimethylamine.N.oxide",0.199691975000002,5.737226435,1.29061805968656,0.209819861764208,0.745712943765681,-5.17436698469108,FALSE
"tryptophan",0.00439269166666723,5.841090565,0.0312539852238635,0.975340004208567,0.986327843853534,-5.95601548193191,FALSE
"tyrosine",0.121640591666667,5.90813598,1.12141827834396,0.27382644043314,0.767896083722976,-5.36059638526128,FALSE
"UDP.galactose.UDP.glucose",-0.0511230458333332,5.96889551,-0.505250572919549,0.618250600416914,0.868205045642314,-5.83272760819994,FALSE
"UMP",0.0627405083333343,5.85299338,0.713036091691152,0.483085543170412,0.829727077964448,-5.71143891048887,FALSE
"uracil",0.00209480833333853,5.873511835,0.017325999109122,0.986327843853534,0.986327843853534,-5.95634547403144,FALSE
"urate",0.148778220833335,5.71044677,0.625461806490716,0.537902351509871,0.86223273457461,-5.76742560172371,FALSE
"uridine",-0.00660626249999652,6.01922288,-0.0472757347977142,0.96270669880437,0.986327843853534,-5.95540188649181,FALSE
"valerylcarnitine.isovalerylcarnitine.2.methylbutyroylcarnitine",0.094920475000003,5.862197485,0.433749200151871,0.668562592597686,0.874573158921392,-5.86513573829585,FALSE
"valine",0.216623583333336,5.913222025,1.72256051080979,0.098559044805742,0.667266274239756,-4.60203174444328,FALSE
"X1.methylnicotinamide",0.380228920833334,6.42159089,0.782426272606404,0.442045507662669,0.795681913792805,-5.6621262517335,FALSE
"X2.aminoadipate",-0.148857954166664,5.79609929,-1.42148225368757,0.168762657322737,0.722065706826601,-5.01510542468487,FALSE
"X2.deoxyadenosine",-0.258411383333331,5.86663892,-1.05340587862235,0.303232931812462,0.767896083722976,-5.42893065497974,FALSE
"X2.deoxycytidine",-0.872290891666666,5.40508224,-3.19078120301735,0.00411015208102516,0.208596206175729,-1.90946896966982,FALSE
"X2.hydroxyglutarate",0.113030700000001,5.851885945,0.732315441781785,0.471465941828107,0.822324317142047,-5.69817393474358,FALSE
"X3.methyladipate.pimelate",0.0389818500000025,5.81424546,0.447219973926596,0.658951986447095,0.874573158921392,-5.85940005230971,FALSE
"X3.phosphoglycerate",0.0838171791666689,6.03914502,0.939111792809672,0.357553757463398,0.767896083722976,-5.53503092288936,FALSE
"X4.pyridoxate",0.132790212500002,5.75700879,1.08632669394618,0.288729505371174,0.767896083722976,-5.39633135339197,FALSE
"X5.adenosylhomocysteine",0.151265704166669,5.767066385,1.00596396448026,0.325030298319118,0.767896083722976,-5.47431576794626,FALSE
"X5.HIAA",-0.0473472458333308,5.781912465,-0.558714912782623,0.581823379352357,0.868205045642314,-5.80534875512554,FALSE
"X6.phosphogluconate",0.126974662500001,5.97727331,0.695328783420349,0.49390244151901,0.835549243171258,-5.72332489546945,FALSE
"xanthine",-0.139633316666665,5.87685646,-1.40885813481206,0.172420704861735,0.722065706826601,-5.0310276345838,FALSE
"xanthosine",0.0225466583333356,5.921166345,0.25324534989224,0.802356732250131,0.910438675461403,-5.92525978520417,FALSE
