"Feature_set","mean_NES","sd_NES","Fisher_p","types","N_types","N_sig","sig_types","adj_Fisher_p"
"KEGG_HOMOLOGOUS_RECOMBINATION",1.17841666666667,1.02459796624054,1.69270604978669e-07,"H1650, HCC95, H1975, H1648, H2126, H520, H460, H1299, HCC44, A549, H1703, HCC15",12,3,"H1299, HCC44, H1703",7.8710831315081e-06
"KEGG_DNA_REPLICATION",1.04583333333333,1.50930723622904,9.65595059085032e-10,"H1650, HCC95, H1975, H1648, H2126, H520, H460, H1299, HCC44, A549, H1703, HCC15",12,6,"H2126, H460, H1299, HCC44, H1703, HCC15",1.79600680989816e-07
"KEGG_PHENYLALANINE_METABOLISM",1.03175,1.0895522120244,3.30823591007189e-05,"H1650, HCC95, H1975, H1648, H2126, H520, H460, H1299, HCC44, A549, H1703, HCC15",12,1,"H460",0.000601866189109963
"KEGG_MISMATCH_REPAIR",1.02908333333333,1.44272503890339,3.27271250262981e-09,"H1650, HCC95, H1975, H1648, H2126, H520, H460, H1299, HCC44, A549, H1703, HCC15",12,4,"H460, HCC44, A549, H1703",2.02908175163048e-07
"KEGG_BASE_EXCISION_REPAIR",0.97875,0.910034377472532,0.0022274807226118,"H1650, HCC95, H1975, H1648, H2126, H520, H460, H1299, HCC44, A549, H1703, HCC15",12,2,"H460, HCC44",0.0165724565762318
"KEGG_PYRIMIDINE_METABOLISM",0.95825,0.732565370958301,0.0676669686243274,"H1650, HCC95, H1975, H1648, H2126, H520, H460, H1299, HCC44, A549, H1703, HCC15",12,1,"H460",0.209767602735415
"KEGG_ANTIGEN_PROCESSING_AND_PRESENTATION",0.950333333333333,0.240004671671704,0.703990515716859,"H1650, HCC95, H1975, H1648, H2126, H520, H460, H1299, HCC44, A549, H1703, HCC15",12,0,"",0.928588215230605
"KEGG_CYSTEINE_AND_METHIONINE_METABOLISM",0.949833333333333,0.647419188826379,0.179726431611031,"H1650, HCC95, H1975, H1648, H2126, H520, H460, H1299, HCC44, A549, H1703, HCC15",12,0,"",0.402020815583716
"KEGG_PROTEASOME",0.916416666666667,1.11351151835765,0.00160602193985387,"H1650, HCC95, H1975, H1648, H2126, H520, H460, H1299, HCC44, A549, H1703, HCC15",12,2,"H460, A549",0.013234175660308
"KEGG_O_GLYCAN_BIOSYNTHESIS",0.874166666666667,1.11231501696673,0.00050770044085861,"H1650, HCC95, H1975, H1648, H2126, H520, H460, H1299, HCC44, A549, H1703, HCC15",12,1,"A549",0.00549278614967061
"KEGG_SELENOAMINO_ACID_METABOLISM",0.82925,0.959435736158593,0.0233769594882975,"H1650, HCC95, H1975, H1648, H2126, H520, H460, H1299, HCC44, A549, H1703, HCC15",12,1,"H460",0.0820398955627046
"KEGG_RNA_POLYMERASE",0.79125,1.13726059418715,0.00398934765303952,"H1650, HCC95, H1975, H1648, H2126, H520, H460, H1299, HCC44, A549, H1703, HCC15",12,1,"H460",0.0224854140444045
"KEGG_ONE_CARBON_POOL_BY_FOLATE",0.785,1.26987823324629,2.05124549958765e-05,"H1650, HCC95, H1975, H1648, H2126, H520, H460, H1299, HCC44, A549, H1703, HCC15",12,2,"H460, HCC44",0.000423924069914781
"KEGG_PURINE_METABOLISM",0.765583333333333,0.775127022826034,0.475897605438069,"H1650, HCC95, H1975, H1648, H2126, H520, H460, H1299, HCC44, A549, H1703, HCC15",12,1,"H460",0.763077194926558
"KEGG_ETHER_LIPID_METABOLISM",0.749666666666667,0.853712250152594,0.156392207965601,"H1650, HCC95, H1975, H1648, H2126, H520, H460, H1299, HCC44, A549, H1703, HCC15",12,1,"HCC15",0.368214565589895
"KEGG_HISTIDINE_METABOLISM",0.743083333333333,1.12997372924678,0.00205260118811087,"H1650, HCC95, H1975, H1648, H2126, H520, H460, H1299, HCC44, A549, H1703, HCC15",12,0,"",0.0159076592078593
"KEGG_STEROID_HORMONE_BIOSYNTHESIS",0.731666666666667,0.928047641149108,0.0997277231660025,"H1650, HCC95, H1975, H1648, H2126, H520, H460, H1299, HCC44, A549, H1703, HCC15",12,0,"",0.262854388753961
"KEGG_RENIN_ANGIOTENSIN_SYSTEM",0.726916666666667,0.865756259876388,0.194742609812029,"H1650, HCC95, H1975, H1648, H2126, H520, H460, H1299, HCC44, A549, H1703, HCC15",12,0,"",0.416849153017455
"KEGG_TYPE_I_DIABETES_MELLITUS",0.72075,0.878264831150812,0.899297334398398,"H1650, HCC95, H1975, H1648, H2126, H520, H460, H1299, HCC44, A549, H1703, HCC15",12,1,"HCC44",0.999300512449779
"KEGG_ASTHMA",0.715833333333333,1.11789378527278,0.181557787682968,"H1650, HCC95, H1975, H1648, H2126, H520, H460, H1299, HCC44, A549, H1703, HCC15",12,2,"HCC44, A549",0.402020815583716
"KEGG_CALCIUM_SIGNALING_PATHWAY",0.7085,0.426377660168669,0.998067068747268,"H1650, HCC95, H1975, H1648, H2126, H520, H460, H1299, HCC44, A549, H1703, HCC15",12,0,"",0.999300512449779
"KEGG_OOCYTE_MEIOSIS",0.70125,1.01965048601781,0.0201743308210789,"H1650, HCC95, H1975, H1648, H2126, H520, H460, H1299, HCC44, A549, H1703, HCC15",12,2,"HCC44, HCC15",0.0781755319316807
"KEGG_TASTE_TRANSDUCTION",0.698166666666667,0.875786693969104,0.227509745426037,"H1650, HCC95, H1975, H1648, H2126, H520, H460, H1299, HCC44, A549, H1703, HCC15",12,0,"",0.465343379227885
"KEGG_VIRAL_MYOCARDITIS",0.678916666666667,0.50100035534978,0.976195227702956,"H1650, HCC95, H1975, H1648, H2126, H520, H460, H1299, HCC44, A549, H1703, HCC15",12,0,"",0.999300512449779
"KEGG_TYROSINE_METABOLISM",0.66625,0.938210106823335,0.161335270586965,"H1650, HCC95, H1975, H1648, H2126, H520, H460, H1299, HCC44, A549, H1703, HCC15",12,0,"",0.375104504114693
"KEGG_PENTOSE_AND_GLUCURONATE_INTERCONVERSIONS",0.659083333333333,1.06095809687911,0.039631626553611,"H1650, HCC95, H1975, H1648, H2126, H520, H460, H1299, HCC44, A549, H1703, HCC15",12,1,"A549",0.129324255069678
"KEGG_PENTOSE_PHOSPHATE_PATHWAY",0.657333333333333,1.31057304144778,0.000218908690253988,"H1650, HCC95, H1975, H1648, H2126, H520, H460, H1299, HCC44, A549, H1703, HCC15",12,1,"H460",0.00271446775914945
"KEGG_GLYOXYLATE_AND_DICARBOXYLATE_METABOLISM",0.643416666666667,1.4040944320958,0.000349743579964154,"H1650, HCC95, H1975, H1648, H2126, H520, H460, H1299, HCC44, A549, H1703, HCC15",12,2,"H1648, H460",0.00406576911708329
"KEGG_SPLICEOSOME",0.63,1.1901313143744,0.00490790979738636,"H1650, HCC95, H1975, H1648, H2126, H520, H460, H1299, HCC44, A549, H1703, HCC15",12,3,"H460, HCC44, H1703",0.0260820349232532
"KEGG_ALLOGRAFT_REJECTION",0.629916666666667,1.08854978241139,0.0613083050690075,"H1650, HCC95, H1975, H1648, H2126, H520, H460, H1299, HCC44, A549, H1703, HCC15",12,2,"HCC44, A549",0.193277029539583
"KEGG_NUCLEOTIDE_EXCISION_REPAIR",0.622083333333333,1.23359271740078,0.00117797683730166,"H1650, HCC95, H1975, H1648, H2126, H520, H460, H1299, HCC44, A549, H1703, HCC15",12,1,"HCC44",0.0104335091303861
"KEGG_BIOSYNTHESIS_OF_UNSATURATED_FATTY_ACIDS",0.614916666666667,1.13991231387916,0.0222912613640232,"H1650, HCC95, H1975, H1648, H2126, H520, H460, H1299, HCC44, A549, H1703, HCC15",12,1,"A549",0.0817110048541387
"KEGG_GLYCOSAMINOGLYCAN_BIOSYNTHESIS_CHONDROITIN_SULFATE",0.614916666666667,0.902022017301667,0.320447232993533,"H1650, HCC95, H1975, H1648, H2126, H520, H460, H1299, HCC44, A549, H1703, HCC15",12,0,"",0.584344954282325
"KEGG_GLYCOSYLPHOSPHATIDYLINOSITOL_GPI_ANCHOR_BIOSYNTHESIS",0.600583333333333,1.14189320136926,0.00487858307889484,"H1650, HCC95, H1975, H1648, H2126, H520, H460, H1299, HCC44, A549, H1703, HCC15",12,1,"HCC44",0.0260820349232532
"KEGG_RNA_DEGRADATION",0.599166666666667,1.17748930381811,0.00288087918910435,"H1650, HCC95, H1975, H1648, H2126, H520, H460, H1299, HCC44, A549, H1703, HCC15",12,1,"HCC44",0.017861450972447
"KEGG_PORPHYRIN_AND_CHLOROPHYLL_METABOLISM",0.597416666666667,1.1660939037763,0.0092123194793993,"H1650, HCC95, H1975, H1648, H2126, H520, H460, H1299, HCC44, A549, H1703, HCC15",12,2,"H460, HCC44",0.0398486377480993
"KEGG_BETA_ALANINE_METABOLISM",0.5855,1.14213655448502,0.00919398175340353,"H1650, HCC95, H1975, H1648, H2126, H520, H460, H1299, HCC44, A549, H1703, HCC15",12,0,"",0.0398486377480993
"KEGG_GLYCEROPHOSPHOLIPID_METABOLISM",0.58525,0.868972760845188,0.550513000518132,"H1650, HCC95, H1975, H1648, H2126, H520, H460, H1299, HCC44, A549, H1703, HCC15",12,0,"",0.821401533473775
"KEGG_LINOLEIC_ACID_METABOLISM",0.584666666666667,1.17646846987332,0.00688847961096936,"H1650, HCC95, H1975, H1648, H2126, H520, H460, H1299, HCC44, A549, H1703, HCC15",12,1,"HCC15",0.0355904779900083
"KEGG_GLYCOLYSIS_GLUCONEOGENESIS",0.57975,1.0318027581947,0.125141087619991,"H1650, HCC95, H1975, H1648, H2126, H520, H460, H1299, HCC44, A549, H1703, HCC15",12,0,"",0.310349897297579
"KEGG_GLUTATHIONE_METABOLISM",0.578583333333333,1.26367512067226,0.00163648408702733,"H1650, HCC95, H1975, H1648, H2126, H520, H460, H1299, HCC44, A549, H1703, HCC15",12,2,"H460, HCC15",0.013234175660308
"KEGG_AUTOIMMUNE_THYROID_DISEASE",0.578083333333333,1.10723065334056,0.0206262111610574,"H1650, HCC95, H1975, H1648, H2126, H520, H460, H1299, HCC44, A549, H1703, HCC15",12,1,"A549",0.0782954137950342
"KEGG_VALINE_LEUCINE_AND_ISOLEUCINE_BIOSYNTHESIS",0.567583333333333,1.66617283062567,6.16542804497893e-07,"H1650, HCC95, H1975, H1648, H2126, H520, H460, H1299, HCC44, A549, H1703, HCC15",12,3,"H1648, H460, HCC44",2.29353923273216e-05
"KEGG_NEUROACTIVE_LIGAND_RECEPTOR_INTERACTION",0.566,0.608545060705525,0.992102701789679,"H1650, HCC95, H1975, H1648, H2126, H520, H460, H1299, HCC44, A549, H1703, HCC15",12,0,"",0.999300512449779
"KEGG_TAURINE_AND_HYPOTAURINE_METABOLISM",0.565,1.37543712060104,5.05275875334666e-05,"H1650, HCC95, H1975, H1648, H2126, H520, H460, H1299, HCC44, A549, H1703, HCC15",12,1,"A549",0.00072293317547883
"KEGG_MAPK_SIGNALING_PATHWAY",0.55,0.695266855243366,0.990183545344897,"H1650, HCC95, H1975, H1648, H2126, H520, H460, H1299, HCC44, A549, H1703, HCC15",12,0,"",0.999300512449779
"KEGG_CELL_CYCLE",0.54725,1.20601772375036,0.00737679166078348,"H1650, HCC95, H1975, H1648, H2126, H520, H460, H1299, HCC44, A549, H1703, HCC15",12,1,"HCC44",0.0361074539185718
"KEGG_ABC_TRANSPORTERS",0.545333333333333,0.934682671803483,0.340266858187058,"H1650, HCC95, H1975, H1648, H2126, H520, H460, H1299, HCC44, A549, H1703, HCC15",12,1,"H460",0.6085541886807
"KEGG_GLYCEROLIPID_METABOLISM",0.542416666666667,0.90692532100432,0.519422800988407,"H1650, HCC95, H1975, H1648, H2126, H520, H460, H1299, HCC44, A549, H1703, HCC15",12,0,"",0.798655854466311
"KEGG_DRUG_METABOLISM_OTHER_ENZYMES",0.53425,0.845615120381715,0.726535117270276,"H1650, HCC95, H1975, H1648, H2126, H520, H460, H1299, HCC44, A549, H1703, HCC15",12,0,"",0.932769863334967
"KEGG_APOPTOSIS",0.531333333333333,0.857080704095789,0.746570598950193,"H1650, HCC95, H1975, H1648, H2126, H520, H460, H1299, HCC44, A549, H1703, HCC15",12,0,"",0.939765438870278
"KEGG_CYTOSOLIC_DNA_SENSING_PATHWAY",0.526,0.910660299902319,0.543721275899292,"H1650, HCC95, H1975, H1648, H2126, H520, H460, H1299, HCC44, A549, H1703, HCC15",12,0,"",0.821401533473775
"KEGG_EPITHELIAL_CELL_SIGNALING_IN_HELICOBACTER_PYLORI_INFECTION",0.525916666666667,0.982801881295914,0.252634710542813,"H1650, HCC95, H1975, H1648, H2126, H520, H460, H1299, HCC44, A549, H1703, HCC15",12,0,"",0.494632170115402
"KEGG_CYTOKINE_CYTOKINE_RECEPTOR_INTERACTION",0.517,0.748066477357096,0.919293136233065,"H1650, HCC95, H1975, H1648, H2126, H520, H460, H1299, HCC44, A549, H1703, HCC15",12,0,"",0.999300512449779
"KEGG_REGULATION_OF_AUTOPHAGY",0.51525,0.962336467807766,0.307795259062343,"H1650, HCC95, H1975, H1648, H2126, H520, H460, H1299, HCC44, A549, H1703, HCC15",12,0,"",0.572499181855958
"KEGG_METABOLISM_OF_XENOBIOTICS_BY_CYTOCHROME_P450",0.508,1.22398930476611,0.00844732992819473,"H1650, HCC95, H1975, H1648, H2126, H520, H460, H1299, HCC44, A549, H1703, HCC15",12,1,"H460",0.0383220333327859
"KEGG_SULFUR_METABOLISM",0.503916666666667,1.43964139842553,0.00323329304440707,"H1650, HCC95, H1975, H1648, H2126, H520, H460, H1299, HCC44, A549, H1703, HCC15",12,3,"H1650, HCC44, HCC15",0.0193997582664424
"KEGG_PYRUVATE_METABOLISM",0.503,1.1945361214524,0.0170638727671102,"H1650, HCC95, H1975, H1648, H2126, H520, H460, H1299, HCC44, A549, H1703, HCC15",12,1,"H460",0.0705306741040557
"KEGG_REGULATION_OF_ACTIN_CYTOSKELETON",0.497166666666667,0.719836702862447,0.992993154619186,"H1650, HCC95, H1975, H1648, H2126, H520, H460, H1299, HCC44, A549, H1703, HCC15",12,0,"",0.999300512449779
"KEGG_ARACHIDONIC_ACID_METABOLISM",0.494833333333333,1.26928482607213,0.00243682634152823,"H1650, HCC95, H1975, H1648, H2126, H520, H460, H1299, HCC44, A549, H1703, HCC15",12,2,"H460, HCC15",0.0167870259083056
"KEGG_LYSINE_DEGRADATION",0.455666666666667,1.08075834767103,0.102109871023973,"H1650, HCC95, H1975, H1648, H2126, H520, H460, H1299, HCC44, A549, H1703, HCC15",12,1,"HCC44",0.263783833478597
"KEGG_ARGININE_AND_PROLINE_METABOLISM",0.450583333333333,1.05908824066513,0.216871461342754,"H1650, HCC95, H1975, H1648, H2126, H520, H460, H1299, HCC44, A549, H1703, HCC15",12,0,"",0.458387406929003
"KEGG_RIBOFLAVIN_METABOLISM",0.438,1.29916819542352,0.00357637473268124,"H1650, HCC95, H1975, H1648, H2126, H520, H460, H1299, HCC44, A549, H1703, HCC15",12,1,"H1299",0.0207876781337097
"KEGG_AMINOACYL_TRNA_BIOSYNTHESIS",0.4375,1.5241159881894,3.29618288228717e-06,"H1650, HCC95, H1975, H1648, H2126, H520, H460, H1299, HCC44, A549, H1703, HCC15",12,2,"H460, HCC44",0.000102181669350902
"KEGG_UBIQUITIN_MEDIATED_PROTEOLYSIS",0.42975,1.07053454150039,0.14432287065834,"H1650, HCC95, H1975, H1648, H2126, H520, H460, H1299, HCC44, A549, H1703, HCC15",12,0,"",0.348624077174692
"KEGG_RIG_I_LIKE_RECEPTOR_SIGNALING_PATHWAY",0.412916666666667,0.956986696813904,0.552017159592591,"H1650, HCC95, H1975, H1648, H2126, H520, H460, H1299, HCC44, A549, H1703, HCC15",12,0,"",0.821401533473775
"KEGG_ALANINE_ASPARTATE_AND_GLUTAMATE_METABOLISM",0.392583333333333,1.07797971462895,0.242776373853048,"H1650, HCC95, H1975, H1648, H2126, H520, H460, H1299, HCC44, A549, H1703, HCC15",12,0,"",0.480387292943265
"KEGG_NOD_LIKE_RECEPTOR_SIGNALING_PATHWAY",0.392083333333333,1.00736374746016,0.516534340228838,"H1650, HCC95, H1975, H1648, H2126, H520, H460, H1299, HCC44, A549, H1703, HCC15",12,0,"",0.798655854466311
"KEGG_GALACTOSE_METABOLISM",0.382333333333333,1.15621823461689,0.0743950791726998,"H1650, HCC95, H1975, H1648, H2126, H520, H460, H1299, HCC44, A549, H1703, HCC15",12,0,"",0.219642614700352
"KEGG_INTESTINAL_IMMUNE_NETWORK_FOR_IGA_PRODUCTION",0.369333333333333,0.967518412635066,0.62202506242232,"H1650, HCC95, H1975, H1648, H2126, H520, H460, H1299, HCC44, A549, H1703, HCC15",12,0,"",0.88318062298131
"KEGG_MATURITY_ONSET_DIABETES_OF_THE_YOUNG",0.368,1.27398587119324,0.0959905523004081,"H1650, HCC95, H1975, H1648, H2126, H520, H460, H1299, HCC44, A549, H1703, HCC15",12,2,"H1650, A549",0.262562393056999
"KEGG_SMALL_CELL_LUNG_CANCER",0.3625,0.865672360863876,0.933870619762417,"H1650, HCC95, H1975, H1648, H2126, H520, H460, H1299, HCC44, A549, H1703, HCC15",12,0,"",0.999300512449779
"KEGG_AMYOTROPHIC_LATERAL_SCLEROSIS_ALS",0.361,0.99768477441069,0.519555690271095,"H1650, HCC95, H1975, H1648, H2126, H520, H460, H1299, HCC44, A549, H1703, HCC15",12,0,"",0.798655854466311
"KEGG_ALZHEIMERS_DISEASE",0.360416666666667,0.927286898658793,0.686561731326467,"H1650, HCC95, H1975, H1648, H2126, H520, H460, H1299, HCC44, A549, H1703, HCC15",12,1,"HCC44",0.924130465463438
"KEGG_CITRATE_CYCLE_TCA_CYCLE",0.358,1.33540548830002,0.0335335443815908,"H1650, HCC95, H1975, H1648, H2126, H520, H460, H1299, HCC44, A549, H1703, HCC15",12,2,"H460, HCC44",0.113404350090471
"KEGG_FATTY_ACID_METABOLISM",0.355,1.02581205083405,0.387362973771825,"H1650, HCC95, H1975, H1648, H2126, H520, H460, H1299, HCC44, A549, H1703, HCC15",12,1,"HCC44",0.661004707537243
"KEGG_VASCULAR_SMOOTH_MUSCLE_CONTRACTION",0.34825,0.742362705396517,0.999300512449779,"H1650, HCC95, H1975, H1648, H2126, H520, H460, H1299, HCC44, A549, H1703, HCC15",12,0,"",0.999300512449779
"KEGG_TOLL_LIKE_RECEPTOR_SIGNALING_PATHWAY",0.347083333333333,0.934868533133095,0.727159302062205,"H1650, HCC95, H1975, H1648, H2126, H520, H460, H1299, HCC44, A549, H1703, HCC15",12,0,"",0.932769863334967
"KEGG_PHOSPHATIDYLINOSITOL_SIGNALING_SYSTEM",0.341916666666667,0.908748936058733,0.88101399080801,"H1650, HCC95, H1975, H1648, H2126, H520, H460, H1299, HCC44, A549, H1703, HCC15",12,0,"",0.999300512449779
"KEGG_NITROGEN_METABOLISM",0.335,1.20457272696399,0.035536345952582,"H1650, HCC95, H1975, H1648, H2126, H520, H460, H1299, HCC44, A549, H1703, HCC15",12,0,"",0.118031434771076
"KEGG_CARDIAC_MUSCLE_CONTRACTION",0.334083333333333,0.942384447542348,0.67917774324564,"H1650, HCC95, H1975, H1648, H2126, H520, H460, H1299, HCC44, A549, H1703, HCC15",12,0,"",0.924130465463438
"KEGG_LONG_TERM_DEPRESSION",0.325916666666667,0.818521556147905,0.990581859975474,"H1650, HCC95, H1975, H1648, H2126, H520, H460, H1299, HCC44, A549, H1703, HCC15",12,0,"",0.999300512449779
"KEGG_LIMONENE_AND_PINENE_DEGRADATION",0.32,1.82286986520008,2.1106929698738e-09,"H1650, HCC95, H1975, H1648, H2126, H520, H460, H1299, HCC44, A549, H1703, HCC15",12,5,"H1648, H460, HCC44, A549, HCC15",1.96294446198263e-07
"KEGG_OLFACTORY_TRANSDUCTION",0.31525,0.868470245996844,0.964401404432903,"H1650, HCC95, H1975, H1648, H2126, H520, H460, H1299, HCC44, A549, H1703, HCC15",12,0,"",0.999300512449779
"KEGG_MTOR_SIGNALING_PATHWAY",0.3115,1.10667228457866,0.185842388347715,"H1650, HCC95, H1975, H1648, H2126, H520, H460, H1299, HCC44, A549, H1703, HCC15",12,0,"",0.406666873325588
"KEGG_NATURAL_KILLER_CELL_MEDIATED_CYTOTOXICITY",0.309083333333333,0.793703798464496,0.996749115490075,"H1650, HCC95, H1975, H1648, H2126, H520, H460, H1299, HCC44, A549, H1703, HCC15",12,0,"",0.999300512449779
"KEGG_JAK_STAT_SIGNALING_PATHWAY",0.30625,0.843936676319002,0.98661083335621,"H1650, HCC95, H1975, H1648, H2126, H520, H460, H1299, HCC44, A549, H1703, HCC15",12,0,"",0.999300512449779
"KEGG_HEMATOPOIETIC_CELL_LINEAGE",0.30275,1.02380112814941,0.539363245224781,"H1650, HCC95, H1975, H1648, H2126, H520, H460, H1299, HCC44, A549, H1703, HCC15",12,0,"",0.821401533473775
"KEGG_HUNTINGTONS_DISEASE",0.298583333333333,1.04824966303863,0.349386146149359,"H1650, HCC95, H1975, H1648, H2126, H520, H460, H1299, HCC44, A549, H1703, HCC15",12,1,"HCC44",0.618912601750292
"KEGG_INSULIN_SIGNALING_PATHWAY",0.295916666666667,0.958802990317836,0.783512539029393,"H1650, HCC95, H1975, H1648, H2126, H520, H460, H1299, HCC44, A549, H1703, HCC15",12,0,"",0.958771922759652
"KEGG_GLYCINE_SERINE_AND_THREONINE_METABOLISM",0.292666666666667,1.1016761059514,0.232092287064376,"H1650, HCC95, H1975, H1648, H2126, H520, H460, H1299, HCC44, A549, H1703, HCC15",12,0,"",0.465343379227885
"KEGG_WNT_SIGNALING_PATHWAY",0.291416666666667,0.93719227272775,0.868250406632244,"H1650, HCC95, H1975, H1648, H2126, H520, H460, H1299, HCC44, A549, H1703, HCC15",12,0,"",0.999300512449779
"KEGG_BUTANOATE_METABOLISM",0.289333333333333,1.14984373114811,0.100336890330813,"H1650, HCC95, H1975, H1648, H2126, H520, H460, H1299, HCC44, A549, H1703, HCC15",12,1,"HCC44",0.262854388753961
"KEGG_PARKINSONS_DISEASE",0.28925,1.11339775829746,0.219980396195696,"H1650, HCC95, H1975, H1648, H2126, H520, H460, H1299, HCC44, A549, H1703, HCC15",12,2,"H460, HCC44",0.459734311150556
"KEGG_PROGESTERONE_MEDIATED_OOCYTE_MATURATION",0.286833333333333,1.1508898401856,0.0911817114033164,"H1650, HCC95, H1975, H1648, H2126, H520, H460, H1299, HCC44, A549, H1703, HCC15",12,0,"",0.253131318224132
"KEGG_ADIPOCYTOKINE_SIGNALING_PATHWAY",0.284,1.06428191753877,0.399416448291906,"H1650, HCC95, H1975, H1648, H2126, H520, H460, H1299, HCC44, A549, H1703, HCC15",12,0,"",0.675376903475405
"KEGG_RETINOL_METABOLISM",0.283583333333333,1.0130498918283,0.501134746761155,"H1650, HCC95, H1975, H1648, H2126, H520, H460, H1299, HCC44, A549, H1703, HCC15",12,0,"",0.789924261843855
"KEGG_TIGHT_JUNCTION",0.279416666666667,0.856684460668871,0.978503721117808,"H1650, HCC95, H1975, H1648, H2126, H520, H460, H1299, HCC44, A549, H1703, HCC15",12,0,"",0.999300512449779
"KEGG_N_GLYCAN_BIOSYNTHESIS",0.279083333333333,1.07077325146859,0.364515100332333,"H1650, HCC95, H1975, H1648, H2126, H520, H460, H1299, HCC44, A549, H1703, HCC15",12,0,"",0.633643071605738
"KEGG_PRIMARY_IMMUNODEFICIENCY",0.27525,1.06285559824807,0.335140683722439,"H1650, HCC95, H1975, H1648, H2126, H520, H460, H1299, HCC44, A549, H1703, HCC15",12,0,"",0.6052055065279
"KEGG_PRIMARY_BILE_ACID_BIOSYNTHESIS",0.274333333333333,1.29016181742893,0.0892775011125904,"H1650, HCC95, H1975, H1648, H2126, H520, H460, H1299, HCC44, A549, H1703, HCC15",12,2,"A549, HCC15",0.251600230408209
"KEGG_LEISHMANIA_INFECTION",0.25725,1.07313585728081,0.320255317745033,"H1650, HCC95, H1975, H1648, H2126, H520, H460, H1299, HCC44, A549, H1703, HCC15",12,0,"",0.584344954282325
"KEGG_NICOTINATE_AND_NICOTINAMIDE_METABOLISM",0.253916666666667,1.31526502399073,0.00709531772099448,"H1650, HCC95, H1975, H1648, H2126, H520, H460, H1299, HCC44, A549, H1703, HCC15",12,0,"",0.035668353948783
"KEGG_PRION_DISEASES",0.250583333333333,0.97164129729343,0.792958706376644,"H1650, HCC95, H1975, H1648, H2126, H520, H460, H1299, HCC44, A549, H1703, HCC15",12,0,"",0.963989015595136
"KEGG_OXIDATIVE_PHOSPHORYLATION",0.24325,1.10323269819365,0.174363446184086,"H1650, HCC95, H1975, H1648, H2126, H520, H460, H1299, HCC44, A549, H1703, HCC15",12,2,"H460, HCC44",0.395507329149268
"KEGG_LONG_TERM_POTENTIATION",0.243,1.00158537964932,0.666015483885738,"H1650, HCC95, H1975, H1648, H2126, H520, H460, H1299, HCC44, A549, H1703, HCC15",12,0,"",0.924130465463438
"KEGG_B_CELL_RECEPTOR_SIGNALING_PATHWAY",0.23975,1.00041374395343,0.745563608731219,"H1650, HCC95, H1975, H1648, H2126, H520, H460, H1299, HCC44, A549, H1703, HCC15",12,0,"",0.939765438870278
"KEGG_CELL_ADHESION_MOLECULES_CAMS",0.237083333333333,0.878056889680362,0.976677458215597,"H1650, HCC95, H1975, H1648, H2126, H520, H460, H1299, HCC44, A549, H1703, HCC15",12,0,"",0.999300512449779
"KEGG_PATHWAYS_IN_CANCER",0.231666666666667,0.833507303052843,0.99481558419435,"H1650, HCC95, H1975, H1648, H2126, H520, H460, H1299, HCC44, A549, H1703, HCC15",12,0,"",0.999300512449779
"KEGG_PEROXISOME",0.221666666666667,1.03962058930024,0.480379407031576,"H1650, HCC95, H1975, H1648, H2126, H520, H460, H1299, HCC44, A549, H1703, HCC15",12,1,"HCC44",0.763680082973274
"KEGG_GLYCOSAMINOGLYCAN_DEGRADATION",0.211583333333333,1.36698017930256,0.00101529519119464,"H1650, HCC95, H1975, H1648, H2126, H520, H460, H1299, HCC44, A549, H1703, HCC15",12,0,"",0.00944224527811017
"KEGG_ALDOSTERONE_REGULATED_SODIUM_REABSORPTION",0.20975,0.935412512307708,0.895263647419931,"H1650, HCC95, H1975, H1648, H2126, H520, H460, H1299, HCC44, A549, H1703, HCC15",12,0,"",0.999300512449779
"KEGG_SPHINGOLIPID_METABOLISM",0.205416666666667,1.00677337508889,0.67737751260145,"H1650, HCC95, H1975, H1648, H2126, H520, H460, H1299, HCC44, A549, H1703, HCC15",12,0,"",0.924130465463438
"KEGG_T_CELL_RECEPTOR_SIGNALING_PATHWAY",0.197,0.928697132350673,0.94323304466941,"H1650, HCC95, H1975, H1648, H2126, H520, H460, H1299, HCC44, A549, H1703, HCC15",12,0,"",0.999300512449779
"KEGG_TYPE_II_DIABETES_MELLITUS",0.196833333333333,1.11246440869183,0.294953618164136,"H1650, HCC95, H1975, H1648, H2126, H520, H460, H1299, HCC44, A549, H1703, HCC15",12,0,"",0.554155282611406
"KEGG_LEUKOCYTE_TRANSENDOTHELIAL_MIGRATION",0.195583333333333,0.967637277865602,0.777795656358136,"H1650, HCC95, H1975, H1648, H2126, H520, H460, H1299, HCC44, A549, H1703, HCC15",12,0,"",0.95807941776565
"KEGG_STARCH_AND_SUCROSE_METABOLISM",0.1955,0.914801766902137,0.936057504039486,"H1650, HCC95, H1975, H1648, H2126, H520, H460, H1299, HCC44, A549, H1703, HCC15",12,0,"",0.999300512449779
"KEGG_ASCORBATE_AND_ALDARATE_METABOLISM",0.193,1.43012866554027,0.0225532897991842,"H1650, HCC95, H1975, H1648, H2126, H520, H460, H1299, HCC44, A549, H1703, HCC15",12,2,"H460, A549",0.0817110048541387
"KEGG_FRUCTOSE_AND_MANNOSE_METABOLISM",0.191,1.29111720473535,0.0177229605145894,"H1650, HCC95, H1975, H1648, H2126, H520, H460, H1299, HCC44, A549, H1703, HCC15",12,0,"",0.0716624055589921
"KEGG_TRYPTOPHAN_METABOLISM",0.188916666666667,1.14059382128412,0.194977829637197,"H1650, HCC95, H1975, H1648, H2126, H520, H460, H1299, HCC44, A549, H1703, HCC15",12,0,"",0.416849153017455
"KEGG_CHEMOKINE_SIGNALING_PATHWAY",0.169916666666667,0.828292049760813,0.996792484249936,"H1650, HCC95, H1975, H1648, H2126, H520, H460, H1299, HCC44, A549, H1703, HCC15",12,0,"",0.999300512449779
"KEGG_GLYCOSPHINGOLIPID_BIOSYNTHESIS_GLOBO_SERIES",0.168333333333333,1.3739067279003,0.00235107954118973,"H1650, HCC95, H1975, H1648, H2126, H520, H460, H1299, HCC44, A549, H1703, HCC15",12,1,"H1299",0.0167870259083056
"KEGG_NON_HOMOLOGOUS_END_JOINING",0.161833333333333,1.47288472876951,0.000828899422244196,"H1650, HCC95, H1975, H1648, H2126, H520, H460, H1299, HCC44, A549, H1703, HCC15",12,3,"HCC44, H1703, HCC15",0.00811448908091687
"KEGG_PROPANOATE_METABOLISM",0.156666666666667,1.36364707066504,0.00254033960423149,"H1650, HCC95, H1975, H1648, H2126, H520, H460, H1299, HCC44, A549, H1703, HCC15",12,2,"H460, HCC44",0.016875113085252
"KEGG_FOLATE_BIOSYNTHESIS",0.155,1.40036034323637,0.000531559949968124,"H1650, HCC95, H1975, H1648, H2126, H520, H460, H1299, HCC44, A549, H1703, HCC15",12,1,"H1648",0.00549278614967061
"KEGG_VEGF_SIGNALING_PATHWAY",0.153333333333333,1.00617921170168,0.752822851568126,"H1650, HCC95, H1975, H1648, H2126, H520, H460, H1299, HCC44, A549, H1703, HCC15",12,0,"",0.939765438870278
"KEGG_FC_EPSILON_RI_SIGNALING_PATHWAY",0.148666666666667,0.962837221523719,0.915293825739356,"H1650, HCC95, H1975, H1648, H2126, H520, H460, H1299, HCC44, A549, H1703, HCC15",12,0,"",0.999300512449779
"KEGG_ENDOCYTOSIS",0.146666666666667,1.01680912067054,0.690613627416225,"H1650, HCC95, H1975, H1648, H2126, H520, H460, H1299, HCC44, A549, H1703, HCC15",12,0,"",0.924130465463438
"KEGG_GNRH_SIGNALING_PATHWAY",0.138916666666667,1.01080566051706,0.759439485033165,"H1650, HCC95, H1975, H1648, H2126, H520, H460, H1299, HCC44, A549, H1703, HCC15",12,0,"",0.941704961441125
"KEGG_DRUG_METABOLISM_CYTOCHROME_P450",0.137083333333333,1.00319647838418,0.681588329910571,"H1650, HCC95, H1975, H1648, H2126, H520, H460, H1299, HCC44, A549, H1703, HCC15",12,0,"",0.924130465463438
"KEGG_HEDGEHOG_SIGNALING_PATHWAY",0.129166666666667,1.03823625208886,0.614324427628094,"H1650, HCC95, H1975, H1648, H2126, H520, H460, H1299, HCC44, A549, H1703, HCC15",12,0,"",0.878956488760196
"KEGG_TGF_BETA_SIGNALING_PATHWAY",0.128833333333333,0.94452391406593,0.926832110514637,"H1650, HCC95, H1975, H1648, H2126, H520, H460, H1299, HCC44, A549, H1703, HCC15",12,0,"",0.999300512449779
"KEGG_P53_SIGNALING_PATHWAY",0.123,1.03048223486076,0.638724963615894,"H1650, HCC95, H1975, H1648, H2126, H520, H460, H1299, HCC44, A549, H1703, HCC15",12,0,"",0.900021539640577
"KEGG_GAP_JUNCTION",0.115,0.932259425462482,0.945043046567905,"H1650, HCC95, H1975, H1648, H2126, H520, H460, H1299, HCC44, A549, H1703, HCC15",12,0,"",0.999300512449779
"KEGG_COLORECTAL_CANCER",0.10775,1.04956667465457,0.60015454373743,"H1650, HCC95, H1975, H1648, H2126, H520, H460, H1299, HCC44, A549, H1703, HCC15",12,0,"",0.874900537969625
"KEGG_COMPLEMENT_AND_COAGULATION_CASCADES",0.104916666666667,1.27172892039526,0.0281564662340232,"H1650, HCC95, H1975, H1648, H2126, H520, H460, H1299, HCC44, A549, H1703, HCC15",12,0,"",0.0969833836949688
"KEGG_PPAR_SIGNALING_PATHWAY",0.100666666666667,0.9703464548419,0.903591358900175,"H1650, HCC95, H1975, H1648, H2126, H520, H460, H1299, HCC44, A549, H1703, HCC15",12,0,"",0.999300512449779
"KEGG_ACUTE_MYELOID_LEUKEMIA",0.0939166666666666,1.18172873816543,0.134645570324975,"H1650, HCC95, H1975, H1648, H2126, H520, H460, H1299, HCC44, A549, H1703, HCC15",12,0,"",0.329527316847966
"KEGG_PATHOGENIC_ESCHERICHIA_COLI_INFECTION",0.0928333333333333,1.2215119419156,0.0714238160194078,"H1650, HCC95, H1975, H1648, H2126, H520, H460, H1299, HCC44, A549, H1703, HCC15",12,0,"",0.217784094747702
"KEGG_ERBB_SIGNALING_PATHWAY",0.0920833333333333,1.00924971757452,0.752375663603325,"H1650, HCC95, H1975, H1648, H2126, H520, H460, H1299, HCC44, A549, H1703, HCC15",12,0,"",0.939765438870278
"KEGG_PROTEIN_EXPORT",0.0846666666666667,1.36836414168248,0.00275159868338527,"H1650, HCC95, H1975, H1648, H2126, H520, H460, H1299, HCC44, A549, H1703, HCC15",12,0,"",0.0176481846589538
"KEGG_FOCAL_ADHESION",0.0765833333333333,0.889728299521655,0.981798663956214,"H1650, HCC95, H1975, H1648, H2126, H520, H460, H1299, HCC44, A549, H1703, HCC15",12,0,"",0.999300512449779
"KEGG_GLIOMA",0.0745833333333333,1.01387111054013,0.71213922581833,"H1650, HCC95, H1975, H1648, H2126, H520, H460, H1299, HCC44, A549, H1703, HCC15",12,0,"",0.928588215230605
"KEGG_NOTCH_SIGNALING_PATHWAY",0.06625,1.15986418679869,0.165237088395876,"H1650, HCC95, H1975, H1648, H2126, H520, H460, H1299, HCC44, A549, H1703, HCC15",12,0,"",0.379433314094234
"KEGG_VALINE_LEUCINE_AND_ISOLEUCINE_DEGRADATION",0.0652499999999999,1.24421849330851,0.0483770790215612,"H1650, HCC95, H1975, H1648, H2126, H520, H460, H1299, HCC44, A549, H1703, HCC15",12,1,"HCC44",0.155140287896731
"KEGG_PROSTATE_CANCER",0.0650833333333333,0.992098827402458,0.83561504777035,"H1650, HCC95, H1975, H1648, H2126, H520, H460, H1299, HCC44, A549, H1703, HCC15",12,0,"",0.999300512449779
"KEGG_INOSITOL_PHOSPHATE_METABOLISM",0.0495833333333333,1.04463977769924,0.613040633244817,"H1650, HCC95, H1975, H1648, H2126, H520, H460, H1299, HCC44, A549, H1703, HCC15",12,0,"",0.878956488760196
"KEGG_BASAL_CELL_CARCINOMA",0.046,1.05109605131544,0.598023073368012,"H1650, HCC95, H1975, H1648, H2126, H520, H460, H1299, HCC44, A549, H1703, HCC15",12,0,"",0.874900537969625
"KEGG_RENAL_CELL_CARCINOMA",0.0423333333333334,1.12430482224943,0.273796515491987,"H1650, HCC95, H1975, H1648, H2126, H520, H460, H1299, HCC44, A549, H1703, HCC15",12,0,"",0.519654611035812
"KEGG_MELANOGENESIS",0.0418333333333333,0.949206446874376,0.934485076805329,"H1650, HCC95, H1975, H1648, H2126, H520, H460, H1299, HCC44, A549, H1703, HCC15",12,0,"",0.999300512449779
"KEGG_MELANOMA",0.038,1.05158296262003,0.602082090645763,"H1650, HCC95, H1975, H1648, H2126, H520, H460, H1299, HCC44, A549, H1703, HCC15",12,0,"",0.874900537969625
"KEGG_HYPERTROPHIC_CARDIOMYOPATHY_HCM",0.0368333333333334,0.972080602095164,0.868846690864909,"H1650, HCC95, H1975, H1648, H2126, H520, H460, H1299, HCC44, A549, H1703, HCC15",12,0,"",0.999300512449779
"KEGG_NEUROTROPHIN_SIGNALING_PATHWAY",0.0355833333333333,1.01756460222286,0.698631085118344,"H1650, HCC95, H1975, H1648, H2126, H520, H460, H1299, HCC44, A549, H1703, HCC15",12,0,"",0.928181298800086
"KEGG_BASAL_TRANSCRIPTION_FACTORS",0.01725,1.30623658757794,0.0079845552802157,"H1650, HCC95, H1975, H1648, H2126, H520, H460, H1299, HCC44, A549, H1703, HCC15",12,0,"",0.037128182053003
"KEGG_FC_GAMMA_R_MEDIATED_PHAGOCYTOSIS",0.0136666666666667,0.961226142471009,0.930447980678764,"H1650, HCC95, H1975, H1648, H2126, H520, H460, H1299, HCC44, A549, H1703, HCC15",12,0,"",0.999300512449779
"KEGG_CHRONIC_MYELOID_LEUKEMIA",0.0135,1.09460607277022,0.446921019061143,"H1650, HCC95, H1975, H1648, H2126, H520, H460, H1299, HCC44, A549, H1703, HCC15",12,0,"",0.742208120940827
"KEGG_VIBRIO_CHOLERAE_INFECTION",0.00625000000000001,1.09782173788909,0.3714205172197,"H1650, HCC95, H1975, H1648, H2126, H520, H460, H1299, HCC44, A549, H1703, HCC15",12,0,"",0.639668668545038
"KEGG_ARRHYTHMOGENIC_RIGHT_VENTRICULAR_CARDIOMYOPATHY_ARVC",0.00383333333333334,0.965722417612218,0.858505892522519,"H1650, HCC95, H1975, H1648, H2126, H520, H460, H1299, HCC44, A549, H1703, HCC15",12,0,"",0.999300512449779
"KEGG_LYSOSOME",0.00383333333333332,1.20427457102782,0.0887313049103693,"H1650, HCC95, H1975, H1648, H2126, H520, H460, H1299, HCC44, A549, H1703, HCC15",12,0,"",0.251600230408209
"KEGG_ALPHA_LINOLENIC_ACID_METABOLISM",-0.00149999999999991,1.42894662410653,0.00947614990492257,"H1650, HCC95, H1975, H1648, H2126, H520, H460, H1299, HCC44, A549, H1703, HCC15",12,2,"HCC44, HCC15",0.0400582700526272
"KEGG_PROXIMAL_TUBULE_BICARBONATE_RECLAMATION",-0.0261666666666667,1.03044719624172,0.66964869629339,"H1650, HCC95, H1975, H1648, H2126, H520, H460, H1299, HCC44, A549, H1703, HCC15",12,0,"",0.924130465463438
"KEGG_GLYCOSAMINOGLYCAN_BIOSYNTHESIS_HEPARAN_SULFATE",-0.0454166666666666,1.21223943467027,0.113400165358479,"H1650, HCC95, H1975, H1648, H2126, H520, H460, H1299, HCC44, A549, H1703, HCC15",12,0,"",0.285032848063203
"KEGG_PANCREATIC_CANCER",-0.0469166666666666,1.08541717646705,0.467025189737185,"H1650, HCC95, H1975, H1648, H2126, H520, H460, H1299, HCC44, A549, H1703, HCC15",12,0,"",0.762967432947268
"KEGG_DILATED_CARDIOMYOPATHY",-0.0538333333333333,0.913750894374226,0.958308320636934,"H1650, HCC95, H1975, H1648, H2126, H520, H460, H1299, HCC44, A549, H1703, HCC15",12,0,"",0.999300512449779
"KEGG_GLYCOSPHINGOLIPID_BIOSYNTHESIS_GANGLIO_SERIES",-0.0665833333333333,1.22793762488412,0.269941085801347,"H1650, HCC95, H1975, H1648, H2126, H520, H460, H1299, HCC44, A549, H1703, HCC15",12,0,"",0.517618989268562
"KEGG_ENDOMETRIAL_CANCER",-0.07325,1.12364909800816,0.259900637390178,"H1650, HCC95, H1975, H1648, H2126, H520, H460, H1299, HCC44, A549, H1703, HCC15",12,0,"",0.50355748494347
"KEGG_PANTOTHENATE_AND_COA_BIOSYNTHESIS",-0.09375,1.02224726816594,0.713914595580519,"H1650, HCC95, H1975, H1648, H2126, H520, H460, H1299, HCC44, A549, H1703, HCC15",12,0,"",0.928588215230605
"KEGG_THYROID_CANCER",-0.11,1.20126630156378,0.0764071889736128,"H1650, HCC95, H1975, H1648, H2126, H520, H460, H1299, HCC44, A549, H1703, HCC15",12,0,"",0.222058392954562
"KEGG_DORSO_VENTRAL_AXIS_FORMATION",-0.12625,1.19455142779052,0.0734459642384711,"H1650, HCC95, H1975, H1648, H2126, H520, H460, H1299, HCC44, A549, H1703, HCC15",12,0,"",0.219642614700352
"KEGG_SNARE_INTERACTIONS_IN_VESICULAR_TRANSPORT",-0.1325,1.17375988716912,0.0998239690769561,"H1650, HCC95, H1975, H1648, H2126, H520, H460, H1299, HCC44, A549, H1703, HCC15",12,0,"",0.262854388753961
"KEGG_SYSTEMIC_LUPUS_ERYTHEMATOSUS",-0.141333333333333,1.06289042737531,0.469839139209407,"H1650, HCC95, H1975, H1648, H2126, H520, H460, H1299, HCC44, A549, H1703, HCC15",12,0,"",0.762967432947268
"KEGG_ECM_RECEPTOR_INTERACTION",-0.151583333333333,1.08918154913205,0.471727176284601,"H1650, HCC95, H1975, H1648, H2126, H520, H460, H1299, HCC44, A549, H1703, HCC15",12,0,"",0.762967432947268
"KEGG_TERPENOID_BACKBONE_BIOSYNTHESIS",-0.162833333333333,1.3948842137242,0.019146091570016,"H1650, HCC95, H1975, H1648, H2126, H520, H460, H1299, HCC44, A549, H1703, HCC15",12,2,"H1648, HCC44",0.0757696389792124
"KEGG_NON_SMALL_CELL_LUNG_CANCER",-0.168166666666667,1.08230526976898,0.446526121939017,"H1650, HCC95, H1975, H1648, H2126, H520, H460, H1299, HCC44, A549, H1703, HCC15",12,0,"",0.742208120940827
"KEGG_AMINO_SUGAR_AND_NUCLEOTIDE_SUGAR_METABOLISM",-0.208666666666667,1.27680882980922,0.00780760920330105,"H1650, HCC95, H1975, H1648, H2126, H520, H460, H1299, HCC44, A549, H1703, HCC15",12,0,"",0.037128182053003
"KEGG_GRAFT_VERSUS_HOST_DISEASE",-0.214833333333333,1.42326786805662,0.022843936840942,"H1650, HCC95, H1975, H1648, H2126, H520, H460, H1299, HCC44, A549, H1703, HCC15",12,1,"HCC44",0.0817110048541387
"KEGG_ADHERENS_JUNCTION",-0.220166666666667,1.12923174474212,0.232671689613943,"H1650, HCC95, H1975, H1648, H2126, H520, H460, H1299, HCC44, A549, H1703, HCC15",12,0,"",0.465343379227885
"KEGG_OTHER_GLYCAN_DEGRADATION",-0.250416666666667,1.51114931927706,3.55942369903741e-05,"H1650, HCC95, H1975, H1648, H2126, H520, H460, H1299, HCC44, A549, H1703, HCC15",12,0,"",0.000601866189109963
"KEGG_VASOPRESSIN_REGULATED_WATER_REABSORPTION",-0.287583333333333,1.09291091363913,0.229371436831135,"H1650, HCC95, H1975, H1648, H2126, H520, H460, H1299, HCC44, A549, H1703, HCC15",12,1,"HCC44",0.465343379227885
"KEGG_AXON_GUIDANCE",-0.321416666666667,1.05206804639359,0.362417574790632,"H1650, HCC95, H1975, H1648, H2126, H520, H460, H1299, HCC44, A549, H1703, HCC15",12,0,"",0.633643071605738
"KEGG_GLYCOSPHINGOLIPID_BIOSYNTHESIS_LACTO_AND_NEOLACTO_SERIES",-0.324916666666667,1.43695558597356,6.4587083490176e-05,"H1650, HCC95, H1975, H1648, H2126, H520, H460, H1299, HCC44, A549, H1703, HCC15",12,0,"",0.000858085537798053
"KEGG_STEROID_BIOSYNTHESIS",-0.343583333333333,1.4671866373396,4.01370354133448e-05,"H1650, HCC95, H1975, H1648, H2126, H520, H460, H1299, HCC44, A549, H1703, HCC15",12,2,"H1299, HCC44",0.000622124048906844
"KEGG_RIBOSOME",-0.447833333333333,1.43659729495735,0.111402195168252,"H1650, HCC95, H1975, H1648, H2126, H520, H460, H1299, HCC44, A549, H1703, HCC15",12,2,"H1650, H460",0.283846689058835
"KEGG_CIRCADIAN_RHYTHM_MAMMAL",-0.546833333333333,1.4700173056083,1.60584663960682e-05,"H1650, HCC95, H1975, H1648, H2126, H520, H460, H1299, HCC44, A549, H1703, HCC15",12,1,"HCC95",0.000373359343708586
"KEGG_GLYCOSAMINOGLYCAN_BIOSYNTHESIS_KERATAN_SULFATE",-0.579583333333333,1.51624005405317,5.56198202689802e-06,"H1650, HCC95, H1975, H1648, H2126, H520, H460, H1299, HCC44, A549, H1703, HCC15",12,1,"HCC95",0.00014778980814329
"KEGG_BLADDER_CANCER",-0.590916666666667,1.02982579800781,0.147445602286902,"H1650, HCC95, H1975, H1648, H2126, H520, H460, H1299, HCC44, A549, H1703, HCC15",12,0,"",0.351601051607228
